Year,Temperature,Humidity,Rainfall,Crop_Yield
2020,302.9069753177107,63.83960398460019,66.24696919418287,2.5
2021,302.33498295011515,61.82235803430643,58.915343214627626,2.7
2022,307.9424048298185,55.39648080112657,41.602380695359315,2.9
2023,306.53941344669835,48.91405555067976,47.12823482128884,3.0
